{
"width": 2402, "height": 2148,
"format": "jpg",
"type":"ptm",
"colorspace":"lrgb",
"lights": [0.022, 0.002, 1.000, -0.134, 0.069, 0.989, -0.367, 0.209, 0.906, -0.699, 0.005, 0.715, -0.510, 0.692, 0.511, -0.377, 0.903, 0.208, -0.089, 0.996, 0.031, 0.254, 0.967, 0.006, 0.518, 0.848, 0.112, 0.694, 0.545, 0.471, 0.670, 0.431, 0.604, 0.578, 0.271, 0.769, 0.423, 0.124, 0.898, 0.231, 0.063, 0.971, 0.178, 0.188, 0.966, 0.364, 0.236, 0.901, 0.511, 0.349, 0.785, 0.817, -0.359, 0.452, 0.943, 0.018, 0.334, 0.300, 0.920, 0.253, 0.005, 0.976, 0.219, -0.257, 0.871, 0.418, -0.860, -0.019, 0.511, -0.559, -0.155, 0.815, -0.231, 0.314, 0.921, -0.022, 0.202, 0.979, -0.057, -0.272, 0.961, 0.215, 0.333, 0.918, 0.362, 0.411, 0.837, 0.443, 0.477, 0.760, 0.401, 0.656, 0.640, 0.214, 0.862, 0.459, -0.012, 0.871, 0.492, -0.186, 0.710, 0.680, -0.214, 0.595, 0.775, -0.137, 0.413, 0.900, -0.080, -0.226, 0.971, 0.245, -0.726, 0.642, 0.445, -0.126, 0.887, 0.107, 0.755, 0.647, -0.052, 0.661, 0.749],
"nplanes": 9,
"quality": 95,
"materials": [
{
 "scale": [1,1,1,4.50179,5.71268,7.24948,11.0051,12.3645,10.2272],
 "bias": [0,0,0,0.100767,0.569156,0.746,0.598748,0.451327,0.331342] }
]
}
