{
"width": 2091, "height": 2062,
"format": "jpg",
"type":"ptm",
"colorspace":"lrgb",
"lights": [-0.226, -0.392, 0.892, -0.436, -0.321, 0.841, -0.672, -0.087, 0.735, -0.794, 0.131, 0.593, -0.802, 0.433, 0.411, -0.647, 0.728, 0.227, -0.310, 0.940, 0.145, 0.134, 0.963, 0.232, 0.469, 0.757, 0.454, 0.632, 0.319, 0.706, 0.582, 0.122, 0.804, 0.450, -0.091, 0.889, 0.247, -0.269, 0.931, 0.013, -0.342, 0.939, -0.052, -0.211, 0.976, 0.181, -0.190, 0.965, 0.367, 0.038, 0.929, 0.466, 0.107, 0.878, 0.889, -0.332, 0.316, 0.152, 0.830, 0.537, -0.208, 0.876, 0.435, -0.536, 0.708, 0.460, -0.679, 0.397, 0.618, -0.648, 0.096, 0.756, -0.506, -0.076, 0.859, -0.291, -0.181, 0.939, -0.226, -0.034, 0.974, 0.000, -0.036, 0.999, 0.172, 0.054, 0.984, 0.285, 0.170, 0.943, 0.258, 0.310, 0.915, 0.031, 0.686, 0.727, -0.257, 0.689, 0.677, -0.472, 0.444, 0.762, -0.503, 0.212, 0.838, -0.419, 0.085, 0.904, -0.224, 0.143, 0.964, 0.056, -0.997, 0.055, 0.317, -0.619, 0.719, -0.123, 0.523, 0.844, -0.303, 0.393, 0.868],
"nplanes": 9,
"quality": 95,
"materials": [
{
 "scale": [1,1,1,3.57749,5.863,7.61816,11.1041,13.0357,9.08874],
 "bias": [0,0,0,0.0297929,0.420555,0.769577,0.603719,0.515574,0.367283] }
]
}
