{
"width": 2199, "height": 2453,
"format": "jpg",
"type":"ptm",
"colorspace":"lrgb",
"lights": [-0.482, -0.595, 0.644, -0.448, -0.354, 0.821, -0.693, -0.115, 0.711, -0.786, 0.218, 0.579, -0.674, 0.547, 0.496, -0.457, 0.773, 0.440, -0.058, 0.886, 0.459, -0.190, 0.789, 0.584, -0.094, 0.672, 0.735, 0.297, 0.418, 0.858, 0.488, -0.108, 0.866, 0.316, -0.598, 0.737, -0.089, -0.812, 0.577, -0.102, -0.670, 0.736, 0.116, -0.821, 0.558, 0.080, -0.434, 0.897, 0.182, -0.418, 0.890, 0.246, 0.025, 0.969, 0.196, 0.475, 0.858, -0.080, 0.638, 0.766, 0.409, 0.912, 0.044, -0.377, 0.679, 0.630, -0.579, 0.456, 0.676, -0.630, 0.154, 0.761, -0.490, -0.136, 0.861, 0.361, -0.809, 0.464, -0.015, -0.716, 0.698, 0.322, -0.607, 0.727, 0.071, -0.180, 0.981, 0.156, 0.081, 0.984, 0.523, 0.488, 0.699, 0.214, 0.735, 0.643, 0.543, 0.838, 0.041, -0.368, 0.481, 0.795, -0.454, 0.243, 0.857, -0.368, 0.007, 0.930, -0.379, -0.085, 0.922, 0.479, -0.287, 0.829, 0.557, 0.122, 0.822, 0.184, 0.669, 0.720, -0.249, 0.320, 0.914],
"nplanes": 9,
"quality": 95,
"materials": [
{
 "scale": [1,1,1,4.8813,6.9258,5.2705,16.5447,14.6425,12.649],
 "bias": [0,0,0,0.274072,0.378125,0.505107,0.345963,0.485556,0.446939] }
]
}
